<xml xmlns:o="urn:schemas-microsoft-com:office:office">
 <o:MainFile HRef="../FL8.htm"/>
 <o:File HRef="image001.gif"/>
 <o:File HRef="image002.png"/>
 <o:File HRef="image003.jpg"/>
 <o:File HRef="image004.png"/>
 <o:File HRef="image005.jpg"/>
 <o:File HRef="image006.png"/>
 <o:File HRef="image007.jpg"/>
 <o:File HRef="image008.png"/>
 <o:File HRef="image009.jpg"/>
 <o:File HRef="image010.png"/>
 <o:File HRef="image011.jpg"/>
 <o:File HRef="image012.png"/>
 <o:File HRef="image013.jpg"/>
 <o:File HRef="image014.png"/>
 <o:File HRef="image015.jpg"/>
 <o:File HRef="image016.png"/>
 <o:File HRef="image017.jpg"/>
 <o:File HRef="image018.png"/>
 <o:File HRef="image019.jpg"/>
 <o:File HRef="image020.png"/>
 <o:File HRef="image021.jpg"/>
 <o:File HRef="image022.png"/>
 <o:File HRef="image023.jpg"/>
 <o:File HRef="image024.png"/>
 <o:File HRef="image025.jpg"/>
 <o:File HRef="image026.png"/>
 <o:File HRef="image027.jpg"/>
 <o:File HRef="image028.png"/>
 <o:File HRef="image029.jpg"/>
 <o:File HRef="image030.png"/>
 <o:File HRef="image031.jpg"/>
 <o:File HRef="image032.png"/>
 <o:File HRef="image033.jpg"/>
 <o:File HRef="image034.png"/>
 <o:File HRef="image035.jpg"/>
 <o:File HRef="image036.png"/>
 <o:File HRef="image037.jpg"/>
 <o:File HRef="image038.png"/>
 <o:File HRef="image039.jpg"/>
 <o:File HRef="image040.png"/>
 <o:File HRef="image041.jpg"/>
 <o:File HRef="image042.png"/>
 <o:File HRef="image043.jpg"/>
 <o:File HRef="image044.png"/>
 <o:File HRef="image045.jpg"/>
 <o:File HRef="image046.png"/>
 <o:File HRef="image047.jpg"/>
 <o:File HRef="image048.emz"/>
 <o:File HRef="image049.gif"/>
 <o:File HRef="image050.png"/>
 <o:File HRef="image051.jpg"/>
 <o:File HRef="image052.png"/>
 <o:File HRef="image053.jpg"/>
 <o:File HRef="image054.png"/>
 <o:File HRef="image055.jpg"/>
 <o:File HRef="image056.png"/>
 <o:File HRef="image057.jpg"/>
 <o:File HRef="image058.png"/>
 <o:File HRef="image059.jpg"/>
 <o:File HRef="image060.png"/>
 <o:File HRef="image061.jpg"/>
 <o:File HRef="image062.png"/>
 <o:File HRef="image063.jpg"/>
 <o:File HRef="image064.emz"/>
 <o:File HRef="image065.gif"/>
 <o:File HRef="image066.png"/>
 <o:File HRef="image067.jpg"/>
 <o:File HRef="image068.png"/>
 <o:File HRef="image069.jpg"/>
 <o:File HRef="image070.png"/>
 <o:File HRef="image071.jpg"/>
 <o:File HRef="image072.png"/>
 <o:File HRef="image073.jpg"/>
 <o:File HRef="image074.png"/>
 <o:File HRef="image075.jpg"/>
 <o:File HRef="image076.png"/>
 <o:File HRef="image077.jpg"/>
 <o:File HRef="image078.png"/>
 <o:File HRef="image079.jpg"/>
 <o:File HRef="image080.png"/>
 <o:File HRef="image081.jpg"/>
 <o:File HRef="image082.png"/>
 <o:File HRef="image083.jpg"/>
 <o:File HRef="image084.png"/>
 <o:File HRef="image085.jpg"/>
 <o:File HRef="image086.wmz"/>
 <o:File HRef="image087.gif"/>
 <o:File HRef="oledata.mso"/>
 <o:File HRef="image088.wmz"/>
 <o:File HRef="image089.gif"/>
 <o:File HRef="image090.wmz"/>
 <o:File HRef="image091.gif"/>
 <o:File HRef="image092.wmz"/>
 <o:File HRef="image093.gif"/>
 <o:File HRef="image094.wmz"/>
 <o:File HRef="image095.gif"/>
 <o:File HRef="image096.wmz"/>
 <o:File HRef="image097.gif"/>
 <o:File HRef="image098.wmz"/>
 <o:File HRef="image099.gif"/>
 <o:File HRef="image100.wmz"/>
 <o:File HRef="image101.gif"/>
 <o:File HRef="image102.gif"/>
 <o:File HRef="image103.gif"/>
 <o:File HRef="image104.wmz"/>
 <o:File HRef="image105.gif"/>
 <o:File HRef="image106.wmz"/>
 <o:File HRef="image107.gif"/>
 <o:File HRef="image108.wmz"/>
 <o:File HRef="image109.gif"/>
 <o:File HRef="image110.wmz"/>
 <o:File HRef="image111.gif"/>
 <o:File HRef="image112.wmz"/>
 <o:File HRef="image113.gif"/>
 <o:File HRef="image114.wmz"/>
 <o:File HRef="image115.gif"/>
 <o:File HRef="image116.wmz"/>
 <o:File HRef="image117.gif"/>
 <o:File HRef="image118.wmz"/>
 <o:File HRef="image119.gif"/>
 <o:File HRef="image120.wmz"/>
 <o:File HRef="image121.gif"/>
 <o:File HRef="image122.wmz"/>
 <o:File HRef="image123.gif"/>
 <o:File HRef="image124.wmz"/>
 <o:File HRef="image125.wmz"/>
 <o:File HRef="image126.wmz"/>
 <o:File HRef="image127.gif"/>
 <o:File HRef="image128.wmz"/>
 <o:File HRef="image129.wmz"/>
 <o:File HRef="image130.gif"/>
 <o:File HRef="image131.wmz"/>
 <o:File HRef="image132.gif"/>
 <o:File HRef="image133.wmz"/>
 <o:File HRef="image134.gif"/>
 <o:File HRef="image135.wmz"/>
 <o:File HRef="image136.gif"/>
 <o:File HRef="image137.wmz"/>
 <o:File HRef="image138.gif"/>
 <o:File HRef="image139.wmz"/>
 <o:File HRef="image140.gif"/>
 <o:File HRef="image141.wmz"/>
 <o:File HRef="image142.gif"/>
 <o:File HRef="image143.wmz"/>
 <o:File HRef="image144.gif"/>
 <o:File HRef="image145.wmz"/>
 <o:File HRef="image146.gif"/>
 <o:File HRef="image147.wmz"/>
 <o:File HRef="image148.gif"/>
 <o:File HRef="image149.emz"/>
 <o:File HRef="image150.gif"/>
 <o:File HRef="image151.emz"/>
 <o:File HRef="image152.gif"/>
 <o:File HRef="image153.emz"/>
 <o:File HRef="image154.gif"/>
 <o:File HRef="image155.emz"/>
 <o:File HRef="image156.gif"/>
 <o:File HRef="image157.wmz"/>
 <o:File HRef="image158.wmz"/>
 <o:File HRef="image159.gif"/>
 <o:File HRef="image160.wmz"/>
 <o:File HRef="image161.gif"/>
 <o:File HRef="image162.wmz"/>
 <o:File HRef="image163.gif"/>
 <o:File HRef="image164.wmz"/>
 <o:File HRef="image165.emz"/>
 <o:File HRef="image166.gif"/>
 <o:File HRef="image167.wmz"/>
 <o:File HRef="image168.wmz"/>
 <o:File HRef="image169.gif"/>
 <o:File HRef="image170.wmz"/>
 <o:File HRef="image171.gif"/>
 <o:File HRef="image172.wmz"/>
 <o:File HRef="image173.gif"/>
 <o:File HRef="image174.emz"/>
 <o:File HRef="image175.gif"/>
 <o:File HRef="image176.wmz"/>
 <o:File HRef="image177.gif"/>
 <o:File HRef="image178.wmz"/>
 <o:File HRef="image179.gif"/>
 <o:File HRef="image180.wmz"/>
 <o:File HRef="image181.wmz"/>
 <o:File HRef="image182.gif"/>
 <o:File HRef="image183.wmz"/>
 <o:File HRef="image184.gif"/>
 <o:File HRef="image185.wmz"/>
 <o:File HRef="image186.gif"/>
 <o:File HRef="image187.wmz"/>
 <o:File HRef="image188.gif"/>
 <o:File HRef="image189.wmz"/>
 <o:File HRef="image190.gif"/>
 <o:File HRef="image191.wmz"/>
 <o:File HRef="image192.gif"/>
 <o:File HRef="image193.gif"/>
 <o:File HRef="image194.gif"/>
 <o:File HRef="image195.wmz"/>
 <o:File HRef="image196.gif"/>
 <o:File HRef="image197.wmz"/>
 <o:File HRef="image198.gif"/>
 <o:File HRef="image199.wmz"/>
 <o:File HRef="image200.gif"/>
 <o:File HRef="image201.wmz"/>
 <o:File HRef="image202.gif"/>
 <o:File HRef="image203.wmz"/>
 <o:File HRef="image204.gif"/>
 <o:File HRef="image205.wmz"/>
 <o:File HRef="image206.gif"/>
 <o:File HRef="image207.wmz"/>
 <o:File HRef="image208.gif"/>
 <o:File HRef="image209.wmz"/>
 <o:File HRef="image210.gif"/>
 <o:File HRef="image211.wmz"/>
 <o:File HRef="image212.gif"/>
 <o:File HRef="image213.wmz"/>
 <o:File HRef="image214.gif"/>
 <o:File HRef="image215.wmz"/>
 <o:File HRef="image216.gif"/>
 <o:File HRef="image217.wmz"/>
 <o:File HRef="image218.gif"/>
 <o:File HRef="image219.wmz"/>
 <o:File HRef="image220.gif"/>
 <o:File HRef="image221.wmz"/>
 <o:File HRef="image222.gif"/>
 <o:File HRef="image223.wmz"/>
 <o:File HRef="image224.gif"/>
 <o:File HRef="image225.wmz"/>
 <o:File HRef="image226.gif"/>
 <o:File HRef="image227.wmz"/>
 <o:File HRef="image228.gif"/>
 <o:File HRef="image229.wmz"/>
 <o:File HRef="image230.gif"/>
 <o:File HRef="image231.emz"/>
 <o:File HRef="image232.gif"/>
 <o:File HRef="image233.wmz"/>
 <o:File HRef="image234.gif"/>
 <o:File HRef="image235.wmz"/>
 <o:File HRef="image236.gif"/>
 <o:File HRef="image237.wmz"/>
 <o:File HRef="image238.gif"/>
 <o:File HRef="image239.wmz"/>
 <o:File HRef="image240.gif"/>
 <o:File HRef="image241.emz"/>
 <o:File HRef="image242.wmz"/>
 <o:File HRef="image243.emz"/>
 <o:File HRef="image244.gif"/>
 <o:File HRef="image245.gif"/>
 <o:File HRef="image246.gif"/>
 <o:File HRef="image247.wmz"/>
 <o:File HRef="image248.gif"/>
 <o:File HRef="image249.wmz"/>
 <o:File HRef="image250.gif"/>
 <o:File HRef="image251.wmz"/>
 <o:File HRef="image252.wmz"/>
 <o:File HRef="image253.gif"/>
 <o:File HRef="image254.wmz"/>
 <o:File HRef="image255.gif"/>
 <o:File HRef="image256.wmz"/>
 <o:File HRef="image257.gif"/>
 <o:File HRef="image258.emz"/>
 <o:File HRef="image259.gif"/>
 <o:File HRef="image260.emz"/>
 <o:File HRef="image261.gif"/>
 <o:File HRef="image262.wmz"/>
 <o:File HRef="image263.gif"/>
 <o:File HRef="image264.emz"/>
 <o:File HRef="image265.gif"/>
 <o:File HRef="image266.wmz"/>
 <o:File HRef="image267.gif"/>
 <o:File HRef="image268.wmz"/>
 <o:File HRef="image269.gif"/>
 <o:File HRef="image270.wmz"/>
 <o:File HRef="image271.gif"/>
 <o:File HRef="image272.wmz"/>
 <o:File HRef="image273.gif"/>
 <o:File HRef="image274.png"/>
 <o:File HRef="image275.jpg"/>
 <o:File HRef="image276.png"/>
 <o:File HRef="image277.jpg"/>
 <o:File HRef="filelist.xml"/>
</xml>