<xml xmlns:o="urn:schemas-microsoft-com:office:office">
 <o:MainFile HRef="../FL2.htm"/>
 <o:File HRef="image001.png"/>
 <o:File HRef="image002.gif"/>
 <o:File HRef="image003.emz"/>
 <o:File HRef="image004.gif"/>
 <o:File HRef="image005.gif"/>
 <o:File HRef="image006.gif"/>
 <o:File HRef="image007.png"/>
 <o:File HRef="image008.jpg"/>
 <o:File HRef="image009.png"/>
 <o:File HRef="image010.jpg"/>
 <o:File HRef="image011.gif"/>
 <o:File HRef="image012.gif"/>
 <o:File HRef="image013.gif"/>
 <o:File HRef="image014.gif"/>
 <o:File HRef="image015.gif"/>
 <o:File HRef="image016.gif"/>
 <o:File HRef="image017.gif"/>
 <o:File HRef="image018.gif"/>
 <o:File HRef="image019.gif"/>
 <o:File HRef="image020.gif"/>
 <o:File HRef="image021.gif"/>
 <o:File HRef="image022.gif"/>
 <o:File HRef="image023.gif"/>
 <o:File HRef="image024.gif"/>
 <o:File HRef="image025.png"/>
 <o:File HRef="image026.jpg"/>
 <o:File HRef="image027.png"/>
 <o:File HRef="image028.jpg"/>
 <o:File HRef="image029.png"/>
 <o:File HRef="image030.jpg"/>
 <o:File HRef="image031.png"/>
 <o:File HRef="image032.jpg"/>
 <o:File HRef="image033.png"/>
 <o:File HRef="image034.jpg"/>
 <o:File HRef="filelist.xml"/>
</xml>