<xml xmlns:o="urn:schemas-microsoft-com:office:office">
 <o:MainFile HRef="../FL1.htm"/>
 <o:File HRef="image001.emz"/>
 <o:File HRef="image002.gif"/>
 <o:File HRef="image003.emz"/>
 <o:File HRef="image004.gif"/>
 <o:File HRef="image005.emz"/>
 <o:File HRef="image006.gif"/>
 <o:File HRef="image007.gif"/>
 <o:File HRef="image008.gif"/>
 <o:File HRef="image009.jpg"/>
 <o:File HRef="image010.png"/>
 <o:File HRef="image011.jpg"/>
 <o:File HRef="image012.emz"/>
 <o:File HRef="image013.gif"/>
 <o:File HRef="image014.emz"/>
 <o:File HRef="image015.gif"/>
 <o:File HRef="image016.emz"/>
 <o:File HRef="image017.gif"/>
 <o:File HRef="image018.gif"/>
 <o:File HRef="image019.gif"/>
 <o:File HRef="image020.gif"/>
 <o:File HRef="image021.png"/>
 <o:File HRef="image022.jpg"/>
 <o:File HRef="image023.png"/>
 <o:File HRef="image024.jpg"/>
 <o:File HRef="image025.png"/>
 <o:File HRef="image026.jpg"/>
 <o:File HRef="image027.emz"/>
 <o:File HRef="image028.gif"/>
 <o:File HRef="image029.png"/>
 <o:File HRef="image030.jpg"/>
 <o:File HRef="image031.png"/>
 <o:File HRef="image032.jpg"/>
 <o:File HRef="oledata.mso"/>
 <o:File HRef="image033.emz"/>
 <o:File HRef="image034.gif"/>
 <o:File HRef="image035.png"/>
 <o:File HRef="image036.jpg"/>
 <o:File HRef="image037.png"/>
 <o:File HRef="image038.jpg"/>
 <o:File HRef="image039.gif"/>
 <o:File HRef="image040.gif"/>
 <o:File HRef="image041.png"/>
 <o:File HRef="image042.png"/>
 <o:File HRef="image043.gif"/>
 <o:File HRef="image044.gif"/>
 <o:File HRef="image045.png"/>
 <o:File HRef="image046.jpg"/>
 <o:File HRef="image047.gif"/>
 <o:File HRef="image048.wmz"/>
 <o:File HRef="image049.gif"/>
 <o:File HRef="filelist.xml"/>
</xml>