<xml xmlns:o="urn:schemas-microsoft-com:office:office">
 <o:MainFile HRef="../FL5.htm"/>
 <o:File HRef="image001.png"/>
 <o:File HRef="image002.gif"/>
 <o:File HRef="image003.gif"/>
 <o:File HRef="image004.png"/>
 <o:File HRef="image005.jpg"/>
 <o:File HRef="image006.png"/>
 <o:File HRef="image007.jpg"/>
 <o:File HRef="image008.png"/>
 <o:File HRef="image009.jpg"/>
 <o:File HRef="image010.png"/>
 <o:File HRef="image011.jpg"/>
 <o:File HRef="image012.png"/>
 <o:File HRef="image013.jpg"/>
 <o:File HRef="image014.png"/>
 <o:File HRef="image015.jpg"/>
 <o:File HRef="image016.png"/>
 <o:File HRef="image017.jpg"/>
 <o:File HRef="image018.png"/>
 <o:File HRef="image019.jpg"/>
 <o:File HRef="image020.gif"/>
 <o:File HRef="image021.png"/>
 <o:File HRef="image022.jpg"/>
 <o:File HRef="image023.png"/>
 <o:File HRef="image024.jpg"/>
 <o:File HRef="image025.png"/>
 <o:File HRef="image026.jpg"/>
 <o:File HRef="image027.png"/>
 <o:File HRef="image028.jpg"/>
 <o:File HRef="image029.png"/>
 <o:File HRef="image030.jpg"/>
 <o:File HRef="image031.png"/>
 <o:File HRef="image032.jpg"/>
 <o:File HRef="image033.png"/>
 <o:File HRef="image034.jpg"/>
 <o:File HRef="image035.png"/>
 <o:File HRef="image036.jpg"/>
 <o:File HRef="image037.png"/>
 <o:File HRef="image038.jpg"/>
 <o:File HRef="image039.png"/>
 <o:File HRef="image040.jpg"/>
 <o:File HRef="image041.png"/>
 <o:File HRef="image042.jpg"/>
 <o:File HRef="image043.png"/>
 <o:File HRef="image044.jpg"/>
 <o:File HRef="image045.png"/>
 <o:File HRef="image046.jpg"/>
 <o:File HRef="image047.png"/>
 <o:File HRef="image048.jpg"/>
 <o:File HRef="image049.gif"/>
 <o:File HRef="image050.png"/>
 <o:File HRef="image051.jpg"/>
 <o:File HRef="image052.png"/>
 <o:File HRef="image053.jpg"/>
 <o:File HRef="image054.png"/>
 <o:File HRef="image055.jpg"/>
 <o:File HRef="image056.png"/>
 <o:File HRef="image057.jpg"/>
 <o:File HRef="image058.png"/>
 <o:File HRef="image059.jpg"/>
 <o:File HRef="image060.png"/>
 <o:File HRef="image061.jpg"/>
 <o:File HRef="image062.png"/>
 <o:File HRef="image063.jpg"/>
 <o:File HRef="image064.png"/>
 <o:File HRef="image065.jpg"/>
 <o:File HRef="image066.png"/>
 <o:File HRef="image067.jpg"/>
 <o:File HRef="filelist.xml"/>
</xml>