<xml xmlns:o="urn:schemas-microsoft-com:office:office">
 <o:MainFile HRef="../FL3.htm"/>
 <o:File HRef="image001.gif"/>
 <o:File HRef="image002.png"/>
 <o:File HRef="image003.jpg"/>
 <o:File HRef="image004.png"/>
 <o:File HRef="image005.jpg"/>
 <o:File HRef="image006.png"/>
 <o:File HRef="image007.jpg"/>
 <o:File HRef="image008.png"/>
 <o:File HRef="image009.jpg"/>
 <o:File HRef="image010.png"/>
 <o:File HRef="image011.jpg"/>
 <o:File HRef="image012.gif"/>
 <o:File HRef="image013.png"/>
 <o:File HRef="image014.jpg"/>
 <o:File HRef="image015.gif"/>
 <o:File HRef="image016.gif"/>
 <o:File HRef="image017.gif"/>
 <o:File HRef="image018.gif"/>
 <o:File HRef="image019.gif"/>
 <o:File HRef="image020.gif"/>
 <o:File HRef="image021.gif"/>
 <o:File HRef="image022.gif"/>
 <o:File HRef="image023.gif"/>
 <o:File HRef="image024.gif"/>
 <o:File HRef="image025.gif"/>
 <o:File HRef="image026.png"/>
 <o:File HRef="image027.jpg"/>
 <o:File HRef="image028.gif"/>
 <o:File HRef="image029.gif"/>
 <o:File HRef="image030.png"/>
 <o:File HRef="image031.jpg"/>
 <o:File HRef="image032.png"/>
 <o:File HRef="image033.jpg"/>
 <o:File HRef="image034.gif"/>
 <o:File HRef="image035.png"/>
 <o:File HRef="image036.jpg"/>
 <o:File HRef="image037.gif"/>
 <o:File HRef="image038.gif"/>
 <o:File HRef="image039.gif"/>
 <o:File HRef="image040.gif"/>
 <o:File HRef="image041.gif"/>
 <o:File HRef="image042.gif"/>
 <o:File HRef="image043.png"/>
 <o:File HRef="image044.jpg"/>
 <o:File HRef="image045.gif"/>
 <o:File HRef="image046.gif"/>
 <o:File HRef="image047.gif"/>
 <o:File HRef="image048.gif"/>
 <o:File HRef="image049.gif"/>
 <o:File HRef="image050.gif"/>
 <o:File HRef="image051.jpg"/>
 <o:File HRef="image052.gif"/>
 <o:File HRef="image053.gif"/>
 <o:File HRef="image054.gif"/>
 <o:File HRef="image055.gif"/>
 <o:File HRef="image056.gif"/>
 <o:File HRef="image057.gif"/>
 <o:File HRef="image058.png"/>
 <o:File HRef="image059.jpg"/>
 <o:File HRef="image060.png"/>
 <o:File HRef="image061.jpg"/>
 <o:File HRef="image062.png"/>
 <o:File HRef="image063.jpg"/>
 <o:File HRef="image064.gif"/>
 <o:File HRef="image065.gif"/>
 <o:File HRef="image066.gif"/>
 <o:File HRef="filelist.xml"/>
</xml>